"time","temp","ocheat","ocheat.mixed","ocheat.interior","ocheatflux.mixed","ocheatflux.interior"
1750,0,0,0,0,0,0
1751,0.00165300668905836,0.038812139618197,0.0139422749784903,0.0248698646397067,0.0121998521945639,0.0229071332122378
1752,0.000575788578006264,0.0344423280180468,0.00867200255400213,0.0257703254640447,-0.00461162505423513,0.000829396394163729
1753,-0.00216288836693792,0.00259166751747858,-0.00421022900844754,0.00680189652592612,-0.0112722867136457,-0.017471439222014
1754,-0.00644434646395407,-0.0624756890829123,-0.025485315917241,-0.0369903731656712,-0.018616252807681,-0.0403361807562897
1755,-0.0108845600334623,-0.154186546912048,-0.0513638179131099,-0.102822728998938,-0.0226443603969509,-0.0606368617841372
1756,-0.0146539890397592,-0.256100532553298,-0.0756699265228472,-0.180430606030451,-0.0212684754045727,-0.0714830580397082
1757,-0.01640134230773,-0.347378006689777,-0.0921684447581849,-0.255209561931592,-0.0144366313396461,-0.0688773955594678
1758,-0.0165099409667568,-0.413613824278596,-0.0981788155249345,-0.315435008753662,-0.00525923029792456,-0.0554724504176456
1759,-0.0157068083506411,-0.456809552628792,-0.0970389581222267,-0.359770594506566,0.000997404789201775,-0.0408366182766787
1760,-0.0162127861105292,-0.497450665854803,-0.0973551454938666,-0.400095520360936,-0.000276672150401974,-0.0371424799331184
1761,-0.0154095885385005,-0.53309437642478,-0.0971256697626335,-0.435968706662147,0.000200797216207712,-0.0330420719716048
1762,-0.0160205726130234,-0.566324087651081,-0.0971212601992679,-0.469202827451813,3.85848230549241e-06,-0.0306112816916991
1763,-0.0177619354919848,-0.618836185054706,-0.104843254626192,-0.513992930428515,-0.00675694539098211,-0.0412552649699206
1764,-0.0195055157016827,-0.683048837102845,-0.115375349404326,-0.567673487698518,-0.00921585607733386,-0.0494440839990692
1765,-0.0224920284459964,-0.762880380830883,-0.129751560631253,-0.63312882019963,-0.0125795576659418,-0.0602895931592802
1766,-0.0246476703212186,-0.852701465885126,-0.145270344881642,-0.707431121003484,-0.0135793386937325,-0.0684383581152345
1767,-0.02235008011409,-0.903797968176776,-0.144552144827613,-0.759245823349163,0.00062844367356092,-0.0477254824736724
1768,-0.0165268861152446,-0.883860333602939,-0.12061362233122,-0.763246711271719,0.0209468280221704,-0.00368513757259875
1769,-0.00915430748684046,-0.802850725219434,-0.0823943250609945,-0.720456400158439,0.0334428763165401,0.0394132968178701
1770,-0.00302499052961584,-0.692834220884262,-0.0433941688687121,-0.649440052015549,0.0341261481246635,0.0654117330642224
1771,0.000347915315490735,-0.592374989021825,-0.0158281047070774,-0.576546884314748,0.0241210210583742,0.06714043389357
1772,0.00185611945473793,-0.516758205426052,-0.00102581755829598,-0.515732387867756,0.0129523851477056,0.0560150122056645
1773,0.000167461498319182,-0.480763175187929,-0.000855632705955457,-0.479907542481974,0.000148916159486968,0.0329975461245463
1774,-0.00146867457124132,-0.477507829955217,-0.00955741820639977,-0.467950411748817,-0.0076142879908767,0.011013473153499
1775,-0.00465633899276621,-0.498456432985032,-0.0228226321389006,-0.475633800846131,-0.0116074062199642,-0.00707701550142817
1776,-0.00575381964255411,-0.527167693707401,-0.0346280700264551,-0.492539623680946,-0.0103300643218173,-0.0155716141342118
1777,-0.00393257420118241,-0.5226729479375,-0.0315316258606199,-0.49114132207688,0.00270946895038208,0.00128794754532229
1778,0.00363525256522002,-0.443453359704111,-0.00302002371458191,-0.440433335989529,0.0249483913169483,0.0467061083385521
1779,0.00913064851079752,-0.316384537829349,0.0351070895783694,-0.351491627407718,0.033362212945664,0.081922422824719
1780,0.00973486067810904,-0.225558633171484,0.0518969955560095,-0.277455628727494,0.0146916031712074,0.0681930725735132
1781,0.0119980380443662,-0.152223089169302,0.0612755884396406,-0.213498677608943,0.00820651200394537,0.0589094641384627
1782,0.0100588612571316,-0.101073917352476,0.0631012850437092,-0.164175202396185,0.00159753187741,0.0454308631573834
1783,0.00750045860202769,-0.0957879080607503,0.0503430105425171,-0.146130918603267,-0.0111638210702591,0.0166202276752183
1784,0.00432594599552639,-0.113125365589878,0.0345297635514216,-0.1476551291413,-0.0138370012286464,-0.00140391973756291
1785,0.00398642824193469,-0.125377701558935,0.0251717101108095,-0.150549411669745,-0.00818853945861992,-0.00266586555228336
1786,0.0105380287350233,-0.0622158733194095,0.0449492819427418,-0.107165155262151,0.0173058882778591,0.0399603679087152
1787,0.0194946896739355,0.0904942228573944,0.0910658803378504,-0.000571657480456077,0.0403532196147595,0.0981811316071751
1788,0.0257991181536834,0.268777133796342,0.135178590940205,0.133598542856138,0.0385997658259186,0.12358147890021
1789,0.0301975285025566,0.434908259651535,0.166677147503988,0.268231112147547,0.0275620538981709,0.124007357665318
1790,0.0321392932341845,0.578411879092935,0.186335071897739,0.392076807195196,0.0172011936664326,0.114071784278603
1791,0.0308628412344708,0.677207333452489,0.189376139720053,0.487831193732436,0.00266101321363398,0.0881974437674518
1792,0.0296447667996967,0.742488646981185,0.183670289651774,0.558818357329411,-0.0049927667891175,0.0653848517646787
1793,0.0265843093867436,0.780189100062598,0.172446241119912,0.607742858942686,-0.00982133355744189,0.0450633765818055
1794,0.0237877210024877,0.790703524959465,0.156162924727196,0.634540600232268,-0.0142483241461617,0.0246828617043406
1795,0.0192700582158558,0.774130168172485,0.135214113688385,0.6389160544841,-0.0183307529595878,0.00403014310141224
1796,0.0147353408974822,0.72727078705022,0.108780643202876,0.618490143847344,-0.0231299722183137,-0.0188138963647759
1797,0.00949310339112832,0.657384637056582,0.0800661558956541,0.577318481160928,-0.0251259210947452,-0.0379223922361562
1798,0.00391727456240018,0.561823146615103,0.047831292271492,0.513991854343611,-0.0282063416718871,-0.0583288850744241
1799,-0.00133106994113424,0.449432618275994,0.0154701819261478,0.433962436349846,-0.0283168108270893,-0.0737134908227097
1800,-0.00549280804494992,0.333601523342114,-0.0128858324284263,0.34648735577054,-0.0248122479642985,-0.0805715412050198
1801,-0.0050527275948955,0.254959130013559,-0.0241987016712887,0.279157831684847,-0.00989905398310353,-0.0620158734151332
1802,-0.00737643985452432,0.190703085960709,-0.0313087159193118,0.22201180188002,-0.00622144686293634,-0.0526360612031511
1803,-0.0133482290852155,0.0749487525232197,-0.0581157337289638,0.133064486252184,-0.0234568358147681,-0.0819275873622872
1804,-0.018383377645821,-0.0717309089070879,-0.0913608415056307,0.0196299325985428,-0.0290903315056836,-0.104482290879302
1805,-0.0225572595074378,-0.218135285658005,-0.119010460280108,-0.0991248253778973,-0.0241941335115734,-0.109382624311117
1806,-0.0283012120041728,-0.382083589094153,-0.149779320799744,-0.232304268294409,-0.0269235509351115,-0.122668912123847
1807,-0.0340875857419093,-0.570220948888691,-0.185361660145992,-0.3848592887427,-0.0311354697444101,-0.140515367744514
1808,-0.0391073932724734,-0.764951668663094,-0.218504455326419,-0.546447213336675,-0.0290008053305297,-0.1488353944739
1809,-0.0434382924395048,-0.958593405355835,-0.247628815089861,-0.710964590265973,-0.0254845701238477,-0.151533654229484
1810,-0.0472311399872464,-1.14946300195227,-0.273382740909249,-0.876080261043021,-0.0225353530116868,-0.152084730685629
1811,-0.0501849087761829,-1.33343182236478,-0.295099831553849,-1.03833199081093,-0.0190030175397356,-0.149446812097866
1812,-0.0521369323770518,-1.50402723323812,-0.311337002520596,-1.19269023071753,-0.0142079457016724,-0.142176276999172
1813,-0.0533846309021657,-1.65937327559032,-0.322563587230601,-1.33680968835972,-0.00982355277909221,-0.132745540135124
1814,-0.0543474108158053,-1.80292626270002,-0.330868879896985,-1.47205738280303,-0.00726734647816035,-0.124573937097933
1815,-0.0543598279201024,-1.93136198295493,-0.335273903749005,-1.59608807920593,-0.00385451011338424,-0.11424218531417
1816,-0.0521425222808762,-2.02672398956346,-0.329870081999657,-1.6968539075638,0.00472848417704604,-0.0928133822550086
1817,-0.0504554004570704,-2.09734865421018,-0.319718325315092,-1.77763032889509,0.00888305038151529,-0.0744015406054653
1818,-0.0495781950608571,-2.16672750061364,-0.313585549852719,-1.85314195076092,0.00536633758112073,-0.069552239475843
1819,-0.0487273580976012,-2.23399540159922,-0.309261427131766,-1.92473397446746,0.00378371952555647,-0.0659419762728058
1820,-0.0485628402123242,-2.30154801733002,-0.306855066040477,-1.99469295128954,0.00210562836307245,-0.0644378095607628
1821,-0.0483837619680459,-2.37098112797497,-0.306302188484823,-2.06467893949015,0.000483782199897649,-0.0644626891994316
1822,-0.0476299467247889,-2.43304293858471,-0.303766073419166,-2.12927686516554,0.00221916645577304,-0.0594998529392079
1823,-0.0464023018653772,-2.48313693009519,-0.298171680922987,-2.1849652491722,0.00489523852291381,-0.051293452911602
1824,-0.0440900722475622,-2.51492586519494,-0.287920269205117,-2.22700559598982,0.00897025112017812,-0.0387225197559972
1825,-0.0402236856038079,-2.51657483642857,-0.269714501200415,-2.24686033522815,0.0159305191648089,-0.0182878018523854
1826,-0.0346750420158027,-2.47880214958923,-0.241870383389305,-2.23693176619993,0.0243643252128962,0.00914500567780733
1827,-0.0276093150875825,-2.39685538666698,-0.204471844884931,-2.19238354178205,0.0327246911103082,0.0410324754835899
1828,-0.0196575012297438,-2.27301017171459,-0.159827056854767,-2.11318311485982,0.0390653473745081,0.0729499237835413
1829,-0.0119587018930982,-2.11977981633131,-0.113142989330469,-2.00663682700084,0.040849769819928,0.0981376474948116
1830,-0.00404878923731878,-1.94362580215569,-0.0660948743555902,-1.8775309278001,0.0411683207806393,0.118916852758228
1831,0.0010968027405321,-1.76854350359662,-0.0265172135717956,-1.74202629002482,0.0346314796196312,0.124810602444472
1832,0.00477216513940146,-1.61484993828011,0.000910867730584547,-1.61576080601069,0.0240002824779856,0.116300603333463
1833,0.00769721560044675,-1.47415174629953,0.0224472752290263,-1.49659902152856,0.0188449151008881,0.109757528256993
1834,0.0122075890131512,-1.32508143392544,0.0467245552410178,-1.37180598916646,0.0212432496338849,0.114944357667057
1835,0.021482075150052,-1.11834650830625,0.0901330205913568,-1.2084795288976,0.0379835329660329,0.150436724793772
1836,0.0359356251935473,-0.811498450950603,0.162734855609195,-0.974233306559798,0.0635284885456799,0.215759494363653
1837,0.0490473427419128,-0.439188768214983,0.245454481451861,-0.684643249666844,0.0723818179190306,0.266735589690153
1838,0.0567201141987768,-0.085834986185498,0.307669336636619,-0.393504322822117,0.0544396118087777,0.268162222718828
1839,0.062269184781316,0.227542040884122,0.349213803973794,-0.121671763089672,0.03635248636233,0.250379515426593
1840,0.0656910505167516,0.511269310182417,0.379222311769474,0.132046998412943,0.0262582225821483,0.233695259398603
1841,0.0666413711695395,0.753217734392528,0.395323557706997,0.357894176685531,0.01408900777593,0.208023303433598
1842,0.0671828208823844,0.961545455749416,0.403001772635822,0.558543683113594,0.00671863719473855,0.184814233583687
1843,0.0668508404625604,1.1460752517427,0.406598233483258,0.739477018259446,0.00314699651455317,0.166654063894793
1844,0.0673015532234495,1.31695260819893,0.40954938382321,0.907403224375717,0.00258233308458587,0.154673458382622
1845,0.0696463870692173,1.50000781626966,0.420295329969082,1.07971248630057,0.00940298157027045,0.158710603125408
1846,0.072844118628031,1.7020937127965,0.438550634599781,1.26354307819672,0.0159738649972731,0.169322668943128
1847,0.0775494425257744,1.92654452756927,0.463532034910757,1.46301249265852,0.0218593731566277,0.183727274556547
1848,0.0842160658808676,2.18756753934838,0.498923514835569,1.68864402451281,0.0309684628007773,0.207824675845465
1849,0.0895107156305877,2.46590195180015,0.53558975812774,1.93031219367241,0.0320839138077908,0.222595700631918
1850,0.0904192177084877,2.70784859339277,0.554813767802885,2.15303482558988,0.0168215070342153,0.205145346491683
1851,0.0917293789348653,2.91800674399488,0.563447670859151,2.35455907313573,0.00755488909171153,0.185619940072306
1852,0.0924454635997883,3.11960185286598,0.571926496777661,2.54767535608832,0.00741919257429972,0.177875532622895
1853,0.091822978336953,3.29752269523864,0.573903184275354,2.72361951096328,0.00172965282523068,0.16205863007395
1854,0.089308533900494,3.4392879809108,0.566104731912401,2.8731832489984,-0.00682384806791923,0.13776015754507
1855,0.08672545106818,3.55112416169875,0.552635534718235,2.99848862698051,-0.0117858968641606,0.115416268935512
1856,0.0852598580463176,3.65625728909247,0.542305676590293,3.11395161250217,-0.00903889376347365,0.106350638764818
1857,0.0867123268435262,3.78359477885657,0.543702250075765,3.23989252878081,0.00122203801946919,0.116001650505969
1858,0.0915728101843172,3.96158478653097,0.563520217837633,3.39806456869333,0.017341235764208,0.145689091646392
1859,0.100041182483517,4.20843614233597,0.603802373751025,3.60463376858495,0.0352479311288822,0.190266744432043
1860,0.10778621074646,4.50096207749771,0.652032875873293,3.84892920162441,0.0422029401994316,0.225015620665734
1861,0.112298325959005,4.78466696489436,0.688398948010705,4.09626801688365,0.0318212562625355,0.227818818951451
1862,0.113732261477207,5.03018193983713,0.707007957948368,4.32317398188876,0.0162833663140994,0.208998530644388
1863,0.11446261817086,5.24500105480811,0.715445040209655,4.52955601459846,0.00738266579162101,0.190094348496991
1864,0.114970733550973,5.44525798804775,0.72135958266733,4.72389840538042,0.00517537804220805,0.179004875938069
1865,0.114185162044799,5.62478349573308,0.722233968034142,4.90254952769894,0.000765109872862466,0.164551963460721
1866,0.113465735066776,5.78526097786387,0.719358242927324,5.06590273493654,-0.00251633404946498,0.150461360889907
1867,0.112516477553604,5.93464893888482,0.71589142847177,5.21875751041305,-0.00303355255931938,0.140791466085292
1868,0.114780859448307,6.10089704935263,0.721382054259665,5.37951499509296,0.0048044399620084,0.148070492934961
1869,0.120877636353323,6.32497600885426,0.747727559745836,5.57724844910843,0.0230530005625495,0.182128316228
1870,0.130242774656648,6.62047937418345,0.794522096423729,5.82595727775972,0.0409464331943063,0.229080710792402
1871,0.136459318785372,6.94026039002805,0.840746065767698,6.09951432426035,0.0404471719796429,0.251967905580452
1872,0.140250138503858,7.23519476343421,0.870836082994571,6.36435868043964,0.0263295454483631,0.243942821378379
1873,0.139842686393276,7.48345733635302,0.882262171116055,6.60119516523696,0.00999812343819215,0.21814533313175
1874,0.13790586297219,7.67847424389623,0.877299048491061,6.80117519540517,-0.00434286101384772,0.184197592436298
1875,0.133703147576187,7.82613231968571,0.86123228324145,6.96490003644426,-0.0140588362797612,0.150803665326221
1876,0.130526435403902,7.94294535401658,0.841375970667592,7.10156938334898,-0.0173747884691592,0.12588339264934
1877,0.128546871798889,8.05856215185925,0.827857753181209,7.23070439867804,-0.0118287908911768,0.118943671039696
1878,0.126214184448721,8.16728395152162,0.815818572189085,7.35146537933253,-0.0105345956003667,0.111230515757469
1879,0.124623960396919,8.26956750712564,0.804692758198163,7.46487474892747,-0.00973537578643914,0.104459094348244
1880,0.125148989758784,8.38829720590084,0.802229469940022,7.58606773596081,-0.00215544111045594,0.111628428163188
1881,0.128653019925817,8.54796935803206,0.814763520439903,7.73320583759216,0.0109676192539353,0.135525952533083
1882,0.130093277673032,8.72190100950879,0.82909878107968,7.89280222842911,0.0125437248401452,0.14700103269792
1883,0.129323302612785,8.86786543316758,0.830642126031106,8.03722330713647,0.00135046685864937,0.133023357245084
1884,0.130529669720748,9.0121321025865,0.832860961251734,8.17927114133476,0.00194153836282177,0.13083740935586
1885,0.131735819225008,9.17067654996075,0.840897878200395,8.32977867176035,0.00703251076491628,0.138629465775194
1886,0.131607664780264,9.31892251362626,0.844259382806223,8.47466313082003,0.00294140370963259,0.133450167588139
1887,0.131387586163229,9.45481528202321,0.843742253140674,8.61107302888254,-0.000452501868945973,0.125644419527586
1888,0.130912396853821,9.58433704706379,0.842379793992841,8.74195725307094,-0.00119218708929071,0.120554832215588
1889,0.132303818521126,9.72371266614553,0.845923345314857,8.87778932083067,0.00310069930761954,0.125112191632035
1890,0.133693279451657,9.87810117276564,0.854711568256601,9.02338960450904,0.00768992299374115,0.134109499278699
1891,0.138152608516973,10.061899751147,0.872695670800813,9.18920408034621,0.0157365561380591,0.152728386002356
1892,0.145094107682753,10.301588466325,0.907334695639006,9.394253770686,0.0303100450853063,0.188867154678533
1893,0.151398698074254,10.5742952880635,0.946756434599244,9.62753885346422,0.0344950439802372,0.214874208004197
1894,0.157082874753845,10.8565297324319,0.982696665775015,9.87383306665687,0.0314486343770521,0.226856656951787
1895,0.161240591935216,11.1362901863438,1.01286618784321,10.1234239985006,0.0263991142464482,0.229893198340249
1896,0.164078920549983,11.4015556540915,1.03494967487151,10.36660597922,0.0193236238778437,0.223990042079298
1897,0.163207596952054,11.6272390158465,1.0420993841251,10.5851396317214,0.00625618102228847,0.201286961619141
1898,0.163557444709234,11.8263393147817,1.04256147364636,10.7837778411354,0.000404340315245566,0.182961668268311
1899,0.162850230236374,12.0166934621362,1.04346047665317,10.973232985483,0.000786650946310183,0.174503331328385
1900,0.161885028195781,12.1871888841187,1.03974882151733,11.1474400626014,-0.00324779450443082,0.160458642613337
1901,0.159676416590251,12.3359417376821,1.03146957205525,11.3044721656269,-0.00724455799897515,0.144639118656871
1902,0.144545027790492,12.3518029394621,0.979289162855316,11.3725137766068,-0.0456592113319513,0.0626717623627008
1903,0.0479906837159305,11.5208270545364,0.637725743948876,10.8831013105876,-0.298876849879752,-0.450788000547967
1904,0.0297345438534447,10.4795415789351,0.30911344913566,10.1704281297994,-0.287544280414973,-0.656428964355492
1905,0.0494559731548338,10.2238408057035,0.328191199377219,9.89564960632626,0.0166935262366364,-0.253092983506299
1906,0.0731177345110654,10.3382784388219,0.44386150618869,9.89441693263326,0.101214518331972,-0.00113539100039152
1907,0.0820948226434103,10.4914858578401,0.526606889397198,9.96487896844295,0.0724043562821517,0.0649011670984749
1908,0.093829397264369,10.6403856558483,0.582205538934646,10.0581801169137,0.048650260278231,0.0859378154178273
1909,0.105648077702126,10.8652473560955,0.651354199052428,10.2138931570431,0.060506870951158,0.143424156295274
1910,0.114308856784164,11.1068922823949,0.710692602285274,10.3961996801096,0.0519226417510053,0.167918879730315
1911,0.121074787827817,11.3410638699365,0.756333076666322,10.5847307932702,0.0399365987543343,0.173652224746142
1912,0.103271208071845,11.3690344050823,0.721472644317773,10.6475617607645,-0.0305037823990006,0.0578723432193319
1913,0.0958059558071104,11.2513854550119,0.649258479227059,10.6021269757849,-0.0631892673053519,-0.0418490686248872
1914,0.10833000106946,11.340064681772,0.671352387625385,10.6687122941466,0.0193327428468921,0.0613304004580724
1915,0.126223811146263,11.6452117635065,0.761816476401795,10.8833952871047,0.0791584238361947,0.197740196391787
1916,0.141516002641291,12.0312949585,0.857120311708223,11.1741746467918,0.0833933275672183,0.26783103262601
1917,0.156015027495883,12.4511639320556,0.944637188604478,11.5065267434511,0.0765795370060742,0.30612284633778
1918,0.167987232035097,12.8898608576677,1.0243049510176,11.8655559066501,0.069711358269095,0.330694556951733
1919,0.179226232310839,13.3351970164344,1.09538906505704,12.2398079513773,0.0622004433279757,0.344716047623015
1920,0.184669513696795,13.7493404272938,1.14728287347639,12.6020575538174,0.0454084282160435,0.333660838906476
1921,0.192381354820781,14.1453769684529,1.18992586768882,12.955451100764,0.037313725868114,0.325503703921524
1922,0.190478241778099,14.4817910662902,1.20998401178533,13.2718070545049,0.0175513962859186,0.291389120118308
1923,0.186017007547064,14.7061656158811,1.19376170518155,13.5124039106996,-0.0141949389985821,0.221608935759921
1924,0.187310425624963,14.9306611757001,1.18940277866811,13.741258397032,-0.00381417374660404,0.210793274534497
1925,0.19102817731488,15.2027809691131,1.20767322800017,13.995107741113,0.0159871170037346,0.233815536390936
1926,0.195197657986883,15.4971978880469,1.23248958347963,14.2647083045672,0.0217149546486737,0.248323668448161
1927,0.200678943154944,15.8134607626588,1.26262251890678,14.550838243752,0.026367099986674,0.263548544709428
1928,0.200432667990997,16.1006379160093,1.27895324689281,14.8216846691165,0.0142898105199127,0.249471206850778
1929,0.18021903513892,16.1676362578873,1.21708780487632,14.950548453011,-0.0541338662246243,0.118693845208618
1930,0.181342676703026,16.2051093589603,1.16572477652777,15.0393845824325,-0.0449439818884777,0.0818251759790153
1931,0.193625712910708,16.47533252265,1.21121492398432,15.2641175986657,0.039805058796711,0.206997071138951
1932,0.200768439749231,16.8128260287273,1.26640775670395,15.5464182720234,0.0482951600379138,0.260021484804701
1933,0.207876662739561,17.1452274910306,1.3073523815752,15.8378751094554,0.0358276086479252,0.268455043780698
1934,0.2167562324429,17.5165286038505,1.35633510756391,16.1601934962866,0.0428611555912535,0.296880997579237
1935,0.226493033389283,17.9303917041884,1.41318361077064,16.5172080934178,0.0497439146534073,0.328838980576481
1936,0.239402179888346,18.4024107720196,1.48244754234099,16.9199632296786,0.0606077364616786,0.370969673212905
1937,0.248047834980496,18.8933923006772,1.54791002837151,17.3454822723056,0.0572813730250747,0.391937050523319
1938,0.259025638671922,19.3935637241509,1.6085757727146,17.7849879514363,0.0530840996466306,0.404819860712326
1939,0.266857459705472,19.9057630885435,1.66743595147822,18.2383271370653,0.0515041829378374,0.417561625926599
1940,0.27218532411707,20.3851287957215,1.70910495714708,18.6760238385744,0.0364614606324137,0.403153647729137
1941,0.275470332069388,20.831217941442,1.73815794656839,19.0930599948736,0.0254221192235114,0.384123634167777
1942,0.276920130655882,21.2403164196407,1.75574966551422,19.4845667541265,0.0153932103131336,0.360609018891832
1943,0.277184941468592,21.6138201123342,1.76428869191915,19.849531420415,0.00747186956120108,0.336161629729338
1944,0.28037544872428,21.988952814537,1.77826496903146,20.2106878455056,0.0122296049434847,0.332653935188547
1945,0.291201685531226,22.4460881229938,1.8238361391722,20.6222519838216,0.0398759557466855,0.379083468220075
1946,0.301870753261014,22.9784028714721,1.88975150690736,21.0886513645647,0.0576776562619758,0.429591109544331
1947,0.31144816099011,23.5269958006495,1.95107053548293,21.5759252651665,0.053655740292766,0.448818210860349
1948,0.321501431541385,24.0945060366075,2.01197000103819,22.0825360355693,0.0532886117687628,0.466629013566965
1949,0.330195702132549,24.6732573039955,2.0706137676768,22.6026435363187,0.0513148167158692,0.479060581026656
1950,0.33125840925967,25.1900885913886,2.10185918860981,23.0882294027788,0.0273405536562514,0.44726339648911
1951,0.329453805466858,25.6164128083186,2.10297385822329,23.5134389500953,0.000975364820394636,0.391651980604054
1952,0.328089435782818,26.0014965841419,2.09820375065329,23.9032928334886,-0.00417396783494768,0.359086588108704
1953,0.323239251097779,26.3355342110218,2.08306016790019,24.2524740431216,-0.0132510276528776,0.321623804558376
1954,0.319031453563516,26.6197621597648,2.05903297165681,24.560729188108,-0.0210244198505076,0.283927627747784
1955,0.319905297969621,26.9258454864192,2.05253687008956,24.8733086163296,-0.00568425734562996,0.287910638252781
1956,0.327808166079688,27.3204709553558,2.08127115130203,25.2391998040538,0.0251432412751817,0.337015030029529
1957,0.338593445611422,27.8090246706277,2.13787176560466,25.6711529050231,0.0495270054333959,0.397863332538827
1958,0.345920427539414,28.3207624822045,2.19151939776231,26.1292430844421,0.0469430694719106,0.421937670960078
1959,0.3458307016407,28.7653212623154,2.21316803387005,26.5521532284454,0.0189431180446316,0.389534046358321
1960,0.344574004399929,29.1399044368625,2.21152881245225,26.9283756244103,-0.00143436125324812,0.346530898605516
1961,0.340795653416717,29.4669548295665,2.19966880736243,27.2672860222041,-0.0103778120389827,0.312163565895772
1962,0.335093892693867,29.7337146338403,2.17382234172638,27.559892292114,-0.0226163277512615,0.269513762968363
1963,0.271201817282018,29.4547282815706,1.96170734494475,27.4930209366259,-0.185606123317649,-0.0615938635147441
1964,0.210016937597488,28.5778652716328,1.59223474358304,26.9856305280497,-0.323298108343718,-0.467347122642121
1965,0.201462699297738,27.9533560028359,1.40000936022883,26.553346642607,-0.168202195737973,-0.398168011478824
1966,0.218369167904515,27.8723367767645,1.42614704030181,26.4461897364627,0.022871147936117,-0.0987000757430655
1967,0.241831879106915,28.1131694602966,1.53462055869485,26.5785489016017,0.0949171418194738,0.121913370724958
1968,0.247171987707944,28.3729902077163,1.60757175860046,26.7654184491159,0.063834191883139,0.172121789974775
1969,0.234585209638495,28.4082199413958,1.57792398949558,26.8302959519002,-0.0259425668720528,0.059757365803512
1970,0.238158419575702,28.4322091881677,1.55336891689524,26.8788402712724,-0.0214863253531514,0.0447131983493393
1971,0.250972179270085,28.656550437654,1.60494175124589,27.0516086864081,0.0451275675815702,0.15913351993328
1972,0.266753503125618,29.0148309244567,1.68757798708812,27.3272529373686,0.0723088495059555,0.253890387720758
1973,0.277939603598038,29.4169376934344,1.76490510721475,27.6520325862196,0.0676632355646125,0.299148016631238
1974,0.290206237063869,29.8396187018811,1.83409156563404,28.005527136247,0.0605399454452671,0.325596735832203
1975,0.282707737142807,30.1372955501056,1.84708197671989,28.2902135733857,0.0113669466022224,0.262218963944088
1976,0.28607664313905,30.3601561828027,1.83779509732279,28.5223610854799,-0.00812626032467081,0.213826414476776
1977,0.303155304829794,30.7736841316388,1.90489414271811,28.8687899889207,0.058713404912904,0.319088710560057
1978,0.331463919105289,31.422674427675,2.0417329770024,29.3809414506726,0.119737528869597,0.471732433173821
1979,0.364702855865744,32.2837085308744,2.22483771093832,30.0588708199361,0.160221390955879,0.624427136825473
1980,0.395069954499352,33.262028055873,2.41386714048179,30.8481609153912,0.165405653267559,0.726999266848507
1981,0.419896253773048,34.2640329114252,2.57975906118007,31.6842738502451,0.145159732964217,0.770126844542413
1982,0.381226663124515,34.7411189329987,2.53559679650956,32.2055221364891,-0.0386431269207297,0.480111335651559
1983,0.343533146214065,34.6306379109654,2.31591559852849,32.3147223124369,-0.192226745594136,0.100582090553128
1984,0.354249911060062,34.7714913592779,2.25696071124477,32.5145306480332,-0.0515870553491595,0.184039448011792
1985,0.384237369717175,35.4025251342818,2.38542645692237,33.0170986773595,0.112410859185402,0.462905325894241
1986,0.416046097321259,36.2788453460084,2.56457053163883,33.7142748143696,0.156755711420442,0.64215494833801
1987,0.447677463369488,37.2860513145171,2.75074515983598,34.5353061546812,0.162907628051177,0.756235490478386
1988,0.484612422997499,38.4424094287059,2.95690852603934,35.4855009026666,0.180398292208058,0.875205313137037
1989,0.522167926105545,39.7472694667254,3.18260755745522,36.5646619092702,0.197492505920154,0.993993545757155
1990,0.556291091640239,41.1263293905194,3.40048395548015,37.7258454350392,0.19064749882561,1.06954284206997
1991,0.533163959442666,42.0680064198137,3.43302599566585,38.6349804241478,0.0284751291297643,0.837385993254119
1992,0.452817824593117,42.003314982879,3.12735379839997,38.875961184479,-0.267471100117063,0.221962542155523
1993,0.454918440630163,41.9312813860553,2.92250628030389,39.0087751057514,-0.179246890988085,0.122332237473035
1994,0.495239412798334,42.6936950261118,3.0687915193741,39.6249035067377,0.128003378046714,0.567503505214188
1995,0.541101893936954,43.8799387749032,3.31837084772798,40.5615679271752,0.218388385068678,0.862742799969624
1996,0.581706592325467,45.2372997105066,3.56939980386292,41.6678999066437,0.219656846972723,1.01902018357517
1997,0.619003057087437,46.6721049297437,3.80145977976492,42.8706451499787,0.203058497314545,1.10782450602779
1998,0.657806960315063,48.202777306704,4.0336828374058,44.1690944692982,0.203201198065542,1.1959756097547
1999,0.69788316535825,49.848309332293,4.27646681604113,45.5718425162519,0.212442277829746,1.29204307463225
2000,0.737658943532291,51.5894805509233,4.52288255693409,47.0665979939892,0.215620163993756,1.37678927265187
2001,0.770556807580115,53.3524484043989,4.7482400510135,48.6042083533854,0.19719365189308,1.41626204410339
2002,0.80191272453757,55.1096336327322,4.95049380410201,50.1591398286302,0.176977279338014,1.43221617629815
2003,0.821825616197504,56.8007618078537,5.11455450073786,51.6862073071159,0.143557364417388,1.40655120807926
2004,0.835608957607841,58.3620426649843,5.22694208411565,53.1351005808686,0.0983420501911351,1.33454651695928
2005,0.846565566389471,59.8364651404762,5.31445280183106,54.5220123386451,0.0765741475630983,1.27745658648587
2006,0.859228656689067,61.2761885889517,5.39823132465686,55.8779572642948,0.0733083802414188,1.24893365887988
2007,0.872186268608856,62.7115091596316,5.48647896119125,57.2250301984404,0.0772189706414542,1.24076184555526
2008,0.886238982335035,64.1472487637114,5.5774272730078,58.5698214907036,0.0795821315544903,1.23866027100721
2009,0.901003269348885,65.594411089908,5.67311422669166,59.9212968632163,0.083728566083518,1.24481684318373
